{"cameraMode":{"drawMode":0,"name":"Shaded","section":"Shading Mode"},"sceneLighting":true,"audioPlay":false,"sceneViewState":{"showFog":true,"showMaterialUpdate":false,"showSkybox":true,"showFlares":true,"showImageEffects":true,"showParticleSystems":true},"in2DMode":false,"pivot":{"x":4.665622711181641,"y":3.120558500289917,"z":5.283236980438232},"rotation":{"x":-0.14773617684841157,"y":0.8073371648788452,"z":-0.2276231050491333,"w":-0.5239929556846619},"size":6.338628768920898,"orthographic":false}