{"cameraMode":{"drawMode":0,"name":"Shaded","section":"Shading Mode"},"sceneLighting":true,"audioPlay":false,"sceneViewState":{"showFog":true,"showMaterialUpdate":false,"showSkybox":true,"showFlares":true,"showImageEffects":true,"showParticleSystems":true},"in2DMode":false,"pivot":{"x":3.449118137359619,"y":4.783217430114746,"z":3.9528069496154787},"rotation":{"x":-0.06277570873498917,"y":0.9347850680351257,"z":-0.20983098447322846,"w":-0.2796633243560791},"size":8.567221641540528,"orthographic":false}